{"cameraMode":{"drawMode":0,"name":"Shaded","section":"Shading Mode"},"sceneLighting":false,"audioPlay":false,"sceneViewState":{"m_AlwaysRefresh":true,"showFog":true,"showSkybox":true,"showFlares":true,"showImageEffects":true,"showParticleSystems":true,"showVisualEffectGraphs":true,"m_FxEnabled":false},"in2DMode":false,"pivot":{"x":1.6788911819458008,"y":-11.474688529968262,"z":37.91580581665039},"rotation":{"x":0.1434742510318756,"y":0.019892260432243348,"z":-0.002884703455492854,"w":0.9894534349441528},"size":23.70995330810547,"orthographic":false}