{"cameraMode":{"drawMode":0,"name":"Shaded","section":"Shading Mode"},"sceneLighting":false,"audioPlay":false,"sceneViewState":{"m_AlwaysRefresh":true,"showFog":true,"showSkybox":false,"showFlares":true,"showImageEffects":true,"showParticleSystems":true,"showVisualEffectGraphs":true,"m_FxEnabled":false},"in2DMode":false,"pivot":{"x":0.22359567880630494,"y":-0.1132609099149704,"z":-0.1486828327178955},"rotation":{"x":-0.06903452426195145,"y":-0.9233384728431702,"z":0.19825240969657899,"w":-0.321539968252182},"size":0.41317838430404665,"orthographic":false}