{"cameraMode":{"drawMode":0,"name":"Shaded","section":"Shading Mode"},"sceneLighting":false,"audioPlay":false,"sceneViewState":{"m_AlwaysRefresh":true,"showFog":true,"showSkybox":false,"showFlares":true,"showImageEffects":true,"showParticleSystems":true,"showVisualEffectGraphs":true,"m_FxEnabled":false},"in2DMode":false,"pivot":{"x":44.43229675292969,"y":-21.166933059692384,"z":-1.3477883338928223},"rotation":{"x":0.15474140644073487,"y":0.7061929702758789,"z":-0.16274608671665193,"w":0.6714637875556946},"size":26.360275268554689,"orthographic":false}